Sum of Engineering,Column Labels,
Row Labels,Vanilla,Grand Total
1980,0.015161158,0.015161158
1990,0.014437018,0.014437018
2000,0.013904391,0.013904391
2010,0.011566641,0.011566641
Grand Total,0.055069207,0.055069207
