Sum of Science,Column Labels,,,,,
Row Labels,Chinese Descendant,Direct Chinese Immigrant,Direct Hispanic Immigrant,Hispanic Descendant,Vanilla,Grand Total
1980,0.052631579,0.215053763,0.012048193,0.029010239,0.059629248,0.368373022
1990,0.222678718,0.109135004,0.032454246,0.042292163,0.071468298,0.478028428
2000,0.229916898,0.258895942,0.025519152,0.048128342,0.085853953,0.648314286
2010,0.256354916,0.254896755,0.022189234,0.049482872,0.081397307,0.664321084
Grand Total,0.761582111,0.837981464,0.092210825,0.168913616,0.298348805,2.159036821
